{
    "items":[
        {
            "look":[
                {
                    "thumb":"./images/coordi1-1.jpg"
                },
                {
                    "thumb":"./images/coordi1-2.jpg"
                },
                {
                    "thumb":"./images/coordi1-3.jpg"
                },
                {
                    "thumb":"./images/coordi1-4.jpg"
                }
            ]    
        },
        {
            "look":[
                {
                    "thumb":"./images/coordi2-1.jpg"
                },
                {
                    "thumb":"./images/coordi2-2.jpg"
                },
                {
                    "thumb":"./images/coordi2-3.jpg"
                },
                {
                    "thumb":"./images/coordi2-4.jpg"
                }
            ]    
        },
        {
            "look":[
                {
                    "thumb":"./images/coordi3-1.jpg"
                },
                {
                    "thumb":"./images/coordi3-2.jpg"
                },
                {
                    "thumb":"./images/coordi3-3.jpg"
                },
                {
                    "thumb":"./images/coordi3-4.jpg"
                }
            ]    
        },
        {
            "look":[
                {
                    "thumb":"./images/coordi4-1.jpg"
                },
                {
                    "thumb":"./images/coordi4-2.jpg"
                },
                {
                    "thumb":"./images/coordi4-3.jpg"
                },
                {
                    "thumb":"./images/coordi4-4.jpg"
                }
            ]    
        }
    ]
}