{
    "items":[
        {
            "name":"재즈플리",
            "url":"https://www.musinsa.com/snap/profile/865058a2048312a7cac4428d25927819",
            "flowerCnt":"1,976",
            "thumb":"./images/proTop01.jpg",
            "pics":[
                {
                    "thumb":"./images/pro1-1.jpg",
                    "likeCnt":"968"
                },
                {
                    "thumb":"./images/pro1-2.jpg",
                    "likeCnt":"641"
                },
                {
                    "thumb":"./images/pro1-3.jpg",
                    "likeCnt":"366"
                },
                {
                    "thumb":"./images/pro1-4.jpg",
                    "likeCnt":"531"
                },
                {
                    "thumb":"./images/pro1-5.jpg",
                    "likeCnt":"206"
                },
                {
                    "thumb":"./images/pro1-6.jpg",
                    "likeCnt":"501"
                }
            ]
        },
        {
            "name":"시골재벌",
            "url":"https://www.musinsa.com/snap/profile/adddf0123a67dad8e47c7c1fa7c4520c",
            "flowerCnt":"1,688",
            "thumb":"./images/proTop02.jpg",
            "pics":[
                {
                    "thumb":"./images/pro2-1.jpg",
                    "likeCnt":"196"
                },
                {
                    "thumb":"./images/pro2-2.jpg",
                    "likeCnt":"291"
                },
                {
                    "thumb":"./images/pro2-3.jpg",
                    "likeCnt":"103"
                },
                {
                    "thumb":"./images/pro2-4.jpg",
                    "likeCnt":"126"
                },
                {
                    "thumb":"./images/pro2-5.jpg",
                    "likeCnt":"302"
                },
                {
                    "thumb":"./images/pro2-6.jpg",
                    "likeCnt":"125"
                }
            ]
        },
        {
            "name":"옷이좋은루우피",
            "url":"https://www.musinsa.com/snap/profile/2a4ad666921485657c7531cefef6150f",
            "flowerCnt":"926",
            "thumb":"./images/proTop03.jpg",
            "pics":[
                {
                    "thumb":"./images/pro3-1.jpg",
                    "likeCnt":"225"
                },
                {
                    "thumb":"./images/pro3-2.jpg",
                    "likeCnt":"193"
                },
                {
                    "thumb":"./images/pro3-3.jpg",
                    "likeCnt":"546"
                },
                {
                    "thumb":"./images/pro3-4.jpg",
                    "likeCnt":"490"
                },
                {
                    "thumb":"./images/pro3-5.jpg",
                    "likeCnt":"701"
                },
                {
                    "thumb":"./images/pro3-6.jpg",
                    "likeCnt":"968"
                }
            ]
        },
        {
            "name":"몽우리",
            "url":"https://www.musinsa.com/snap/profile/3c4e364b51722e944495b53b5af86dd7",
            "flowerCnt":"133",
            "thumb":"./images/proTop04.jpg",
            "pics":[
                {
                    "thumb":"./images/pro4-1.jpg",
                    "likeCnt":"1838"
                },
                {
                    "thumb":"./images/pro4-2.jpg",
                    "likeCnt":"376"
                },
                {
                    "thumb":"./images/pro4-3.jpg",
                    "likeCnt":"128"
                },
                {
                    "thumb":"./images/pro4-4.jpg",
                    "likeCnt":"151"
                },
                {
                    "thumb":"./images/pro4-5.jpg",
                    "likeCnt":"317"
                },
                {
                    "thumb":"./images/pro4-6.jpg",
                    "likeCnt":"381"
                }
            ]
        },
        {
            "name":"siosiosiojun",
            "url":"https://www.musinsa.com/snap/profile/17147079db02ba7cd69021b3db81a026",
            "flowerCnt":"80",
            "thumb":"./images/proTop05.jpg",
            "pics":[
                {
                    "thumb":"./images/pro5-1.jpg",
                    "likeCnt":"529"
                },
                {
                    "thumb":"./images/pro5-2.jpg",
                    "likeCnt":"407"
                },
                {
                    "thumb":"./images/pro5-3.jpg",
                    "likeCnt":"476"
                },
                {
                    "thumb":"./images/pro5-4.jpg",
                    "likeCnt":"174"
                },
                {
                    "thumb":"./images/pro5-5.jpg",
                    "likeCnt":"403"
                },
                {
                    "thumb":"./images/pro5-6.jpg",
                    "likeCnt":"155"
                }
            ]
        },
        {
            "name":"효열보이",
            "url":"https://www.musinsa.com/snap/profile/79524462fb3749926cf8948f6844d1b8",
            "flowerCnt":"551",
            "thumb":"./images/proTop06.jpg",
            "pics":[
                {
                    "thumb":"./images/pro6-1.jpg",
                    "likeCnt":"367"
                },
                {
                    "thumb":"./images/pro6-2.jpg",
                    "likeCnt":"413"
                },
                {
                    "thumb":"./images/pro6-3.jpg",
                    "likeCnt":"308"
                },
                {
                    "thumb":"./images/pro6-4.jpg",
                    "likeCnt":"560"
                },
                {
                    "thumb":"./images/pro6-5.jpg",
                    "likeCnt":"106"
                },
                {
                    "thumb":"./images/pro6-6.jpg",
                    "likeCnt":"553"
                }
            ]
        },
        {
            "name":"이로금",
            "url":"https://www.musinsa.com/snap/profile/0ea87711649064529a6f1c1262328f14",
            "flowerCnt":"88",
            "thumb":"./images/proTop07.jpg",
            "pics":[
                {
                    "thumb":"./images/pro7-1.jpg",
                    "likeCnt":"968"
                },
                {
                    "thumb":"./images/pro7-2.jpg",
                    "likeCnt":"641"
                },
                {
                    "thumb":"./images/pro7-3.jpg",
                    "likeCnt":"366"
                },
                {
                    "thumb":"./images/pro7-4.jpg",
                    "likeCnt":"531"
                },
                {
                    "thumb":"./images/pro7-5.jpg",
                    "likeCnt":"206"
                },
                {
                    "thumb":"./images/pro7-6.jpg",
                    "likeCnt":"501"
                }
            ]
        },
        {
            "name":"bleuu_u",
            "url":"https://www.musinsa.com/snap/profile/b527b6a847a72c77dbb62198430fd7bc",
            "flowerCnt":"2,024",
            "thumb":"./images/proTop08.jpg",
            "pics":[
                {
                    "thumb":"./images/pro8-1.jpg",
                    "likeCnt":"517"
                },
                {
                    "thumb":"./images/pro8-2.jpg",
                    "likeCnt":"845"
                },
                {
                    "thumb":"./images/pro8-3.jpg",
                    "likeCnt":"173"
                },
                {
                    "thumb":"./images/pro8-4.jpg",
                    "likeCnt":"784"
                },
                {
                    "thumb":"./images/pro8-5.jpg",
                    "likeCnt":"1104"
                },
                {
                    "thumb":"./images/pro8-6.jpg",
                    "likeCnt":"312"
                }
            ]
        }
    ]
}