{
    "items":[
        {
            "date":"09월 19일 예정",
            "thumb":"./images/live01.jpg",
            "desc":"이벳필드｜ 최대 50% 특가"
        },
        {
            "date":"09월 20일 예정",
            "thumb":"./images/live02.jpg",
            "desc":"인사일런스┃ 최대 20% 특가"
        },
        {
            "date":"09월 22일 예정",
            "thumb":"./images/live03.jpg",
            "desc":"헤라┃최대 15% 할인 & 구매 사은품 증정"
        },
        {
            "date":"09월 25일 예정",
            "thumb":"./images/live04.jpg",
            "desc":"로렌조반피 | 최대 35% 할인 & 추가 5% 쿠폰"
        }
    ]
}