{
    "items":[
        {
            "title":"2020 스웨트 페스티벌",
            "desc":"22.09.06 ~ 09.09",
            "thumnail":"./images/mv.jpg"
        },
        {
            "title":"코오롱스포츠 MOVE 컬렉션",
            "desc":"한정 세일 | 3만원 쿠폰 할인",
            "thumnail":"./images/mv02.jpg"
        },
        {
            "title":"에어 조던 1 로우 골프 스타피시",
            "desc":"1,000원 래플 응모하기",
            "thumnail":"./images/mv03.jpg"
        },
        {
            "title":"오니츠카타이거 키즈 MEXICO66",
            "desc":"선발매 | 발매 기념 이벤트",
            "thumnail":"./images/mv04.jpg"
        },
        {
            "title":"리트리버클럽 × 네이비카운티",
            "desc":"한정 발매 | 단독 15% 할인",
            "thumnail":"./images/mv05.jpg"
        },
        {
            "title":"LET'S GORPCORE!",
            "desc":"인플루언서 고프코어룩 모아보기",
            "thumnail":"./images/mv06.jpg"
        }
    ]
}