{
    "items":[
        {
            "thumb":"./images/rank01.jpg",
            "brand":"일꼬르소",
            "price":"197,000원",
            "sale":"10%"
        },
        {
            "thumb":"./images/rank02.jpg",
            "brand":"일꼬르소",
            "price":"197,000원",
            "sale":"10%"
        },
        {
            "thumb":"./images/rank03.jpg",
            "brand":"뉴발란스",
            "price":"149,000원",
            "sale":""
        },
        {
            "thumb":"./images/rank04.jpg",
            "brand":"일꼬르소",
            "price":"199,000원",
            "sale":"17%"
        },
        {
            "thumb":"./images/rank05.jpg",
            "brand":"뉴발란스",
            "price":"149,000원",
            "sale":""
        },
        {
            "thumb":"./images/rank06.jpg",
            "brand":"토피",
            "price":"20,900원",
            "sale":"51%"
        },
        {
            "thumb":"./images/rank07.jpg",
            "brand":"리복",
            "price":"109,000원",
            "sale":""
        },
        {
            "thumb":"./images/rank08.jpg",
            "brand":"일꼬르소",
            "price":"259,000원",
            "sale":"16%"
        },
        {
            "thumb":"./images/rank09.jpg",
            "brand":"아디다스",
            "price":"119,000원",
            "sale":""
        },
        {
            "thumb":"./images/rank10.jpg",
            "brand":"소프트서울",
            "price":"142,000원",
            "sale":"10%"
        },
        {
            "thumb":"./images/rank11.jpg",
            "brand":"노스페이스",
            "price":"274,550원",
            "sale":"5%"
        }
    ]
}